"latitude","longitude","generationtime_ms","utc_offset_seconds","timezone","timezone_abbreviation","elevation","daily_units__time","daily_units__precipitation_sum","daily_units__rain_sum","daily_units__temperature_2m_max","daily_units__temperature_2m_min","daily_units__temperature_2m_mean","daily_units__relative_humidity_2m_mean","daily_units__dewpoint_2m_mean","daily_units__wind_speed_10m_mean","daily_units__wind_direction_10m_dominant","daily_units__wind_gusts_10m_max","daily_units__surface_pressure_mean","daily_units__cloud_cover_mean","daily_units__shortwave_radiation_sum","daily__time","daily__precipitation_sum","daily__rain_sum","daily__temperature_2m_max","daily__temperature_2m_min","daily__temperature_2m_mean","daily__relative_humidity_2m_mean","daily__dewpoint_2m_mean","daily__wind_speed_10m_mean","daily__wind_direction_10m_dominant","daily__wind_gusts_10m_max","daily__surface_pressure_mean","daily__cloud_cover_mean","daily__shortwave_radiation_sum"
"13.532514","80.02747","123.05819988250732","19800","Asia/Kolkata","GMT+5:30","13.0","iso8601","mm","mm","°C","°C","°C","%","°C","km/h","°","km/h","hPa","%","MJ/m²","2025-01-01","1.30","1.30","28.2","22.1","24.9","84","21.8","11.3","22","34.9","1012.4","47","17.18"
"","","","","","","","","","","","","","","","","","","","","","2025-01-02","0.10","0.10","27.8","21.4","24.4","79","20.3","9.7","21","35.3","1012.2","62","17.66"
"","","","","","","","","","","","","","","","","","","","","","2025-01-03","0.00","0.00","28.1","20.9","24.2","75","19.2","12.1","7","35.6","1012.5","52","18.23"
"","","","","","","","","","","","","","","","","","","","","","2025-01-04","0.00","0.00","27.5","20.2","23.6","76","19.0","9.4","13","30.2","1011.7","32","17.92"
"","","","","","","","","","","","","","","","","","","","","","2025-01-05","0.00","0.00","27.1","20.1","23.7","76","19.1","7.6","35","30.6","1011.8","29","17.81"
"","","","","","","","","","","","","","","","","","","","","","2025-01-06","0.30","0.30","27.4","20.2","23.6","77","19.2","7.3","4","23.8","1011.4","22","16.74"
"","","","","","","","","","","","","","","","","","","","","","2025-01-07","0.00","0.00","28.2","20.7","24.2","77","19.7","9.5","12","28.1","1011.3","15","17.51"
"","","","","","","","","","","","","","","","","","","","","","2025-01-08","0.00","0.00","27.5","19.4","23.4","78","19.0","9.4","13","33.1","1011.3","12","18.06"
"","","","","","","","","","","","","","","","","","","","","","2025-01-09","0.50","0.50","27.9","20.0","24.0","71","18.2","11.5","29","39.2","1012.2","22","16.75"
"","","","","","","","","","","","","","","","","","","","","","2025-01-10","2.00","2.00","27.1","21.1","24.3","76","19.9","13.4","27","43.6","1013.5","43","16.66"
"","","","","","","","","","","","","","","","","","","","","","2025-01-11","0.10","0.10","27.8","22.4","25.0","74","19.9","12.3","38","37.1","1013.4","88","15.94"
"","","","","","","","","","","","","","","","","","","","","","2025-01-12","0.40","0.40","27.2","21.0","24.5","78","20.2","12.7","7","32.4","1012.8","88","7.16"
"","","","","","","","","","","","","","","","","","","","","","2025-01-13","19.50","19.50","26.6","23.2","24.6","90","22.7","12.7","51","43.2","1011.4","86","10.72"
"","","","","","","","","","","","","","","","","","","","","","2025-01-14","0.50","0.50","28.1","22.6","25.4","79","21.4","12.8","38","40.3","1012.6","55","18.16"
"","","","","","","","","","","","","","","","","","","","","","2025-01-15","0.00","0.00","28.5","22.9","25.6","74","20.4","13.8","44","42.5","1013.5","45","18.10"
"","","","","","","","","","","","","","","","","","","","","","2025-01-16","0.30","0.30","27.8","22.9","25.1","74","20.0","11.7","47","38.5","1013.3","42","16.68"
"","","","","","","","","","","","","","","","","","","","","","2025-01-17","0.90","0.90","27.0","21.4","24.5","77","20.1","12.9","39","41.4","1012.2","29","17.27"
"","","","","","","","","","","","","","","","","","","","","","2025-01-18","1.10","1.10","28.0","21.0","24.8","75","19.8","14.2","19","38.2","1011.4","83","14.60"
"","","","","","","","","","","","","","","","","","","","","","2025-01-19","15.50","15.50","28.2","22.5","24.9","85","22.1","14.0","25","42.5","1011.3","92","15.57"
"","","","","","","","","","","","","","","","","","","","","","2025-01-20","0.00","0.00","28.3","21.1","24.1","82","20.5","11.7","2","36.0","1010.9","53","19.25"
"","","","","","","","","","","","","","","","","","","","","","2025-01-21","0.00","0.00","27.5","20.3","23.6","80","19.7","9.6","6","27.4","1010.3","48","19.59"
"","","","","","","","","","","","","","","","","","","","","","2025-01-22","0.10","0.10","27.7","20.6","24.0","77","19.7","10.0","21","31.3","1010.4","20","17.75"
"","","","","","","","","","","","","","","","","","","","","","2025-01-23","0.00","0.00","27.8","20.2","24.0","79","19.8","6.6","46","25.6","1010.5","66","19.61"
"","","","","","","","","","","","","","","","","","","","","","2025-01-24","0.00","0.00","27.6","20.5","23.9","76","19.1","7.4","35","27.0","1010.4","29","20.10"
"","","","","","","","","","","","","","","","","","","","","","2025-01-25","0.30","0.30","27.8","20.0","23.5","80","19.5","7.7","28","28.8","1010.9","42","20.89"
"","","","","","","","","","","","","","","","","","","","","","2025-01-26","0.00","0.00","27.0","18.5","22.8","84","19.8","6.1","30","26.6","1010.8","74","20.76"
"","","","","","","","","","","","","","","","","","","","","","2025-01-27","0.00","0.00","28.0","18.7","23.2","83","19.9","6.0","52","25.2","1010.1","54","20.22"
"","","","","","","","","","","","","","","","","","","","","","2025-01-28","0.00","0.00","28.0","20.7","24.1","80","20.1","5.8","74","24.8","1010.5","80","20.82"
"","","","","","","","","","","","","","","","","","","","","","2025-01-29","0.00","0.00","28.0","20.0","24.0","76","19.1","9.9","25","33.1","1011.8","51","21.30"
"","","","","","","","","","","","","","","","","","","","","","2025-01-30","0.00","0.00","29.0","19.6","24.3","81","20.7","7.9","33","27.7","1010.3","8","20.39"
"","","","","","","","","","","","","","","","","","","","","","2025-01-31","0.50","0.50","28.5","21.4","25.1","88","22.8","7.2","84","31.0","1009.7","40","18.62"
"","","","","","","","","","","","","","","","","","","","","","2025-02-01","0.50","0.50","29.1","23.1","25.5","86","22.9","6.8","98","28.4","1010.3","42","19.16"
"","","","","","","","","","","","","","","","","","","","","","2025-02-02","0.00","0.00","29.7","21.7","24.9","78","20.1","6.4","108","28.4","1010.6","30","22.01"
"","","","","","","","","","","","","","","","","","","","","","2025-02-03","0.00","0.00","29.6","18.4","23.9","79","19.5","5.5","79","26.3","1010.9","40","22.21"
"","","","","","","","","","","","","","","","","","","","","","2025-02-04","0.00","0.00","30.4","19.0","24.2","79","19.4","5.0","87","23.8","1011.0","59","21.36"
"","","","","","","","","","","","","","","","","","","","","","2025-02-05","0.00","0.00","31.0","20.8","25.2","78","20.4","7.1","141","28.1","1010.2","40","21.87"
"","","","","","","","","","","","","","","","","","","","","","2025-02-06","0.00","0.00","29.2","20.9","24.7","82","21.0","7.1","106","30.2","1010.2","21","22.04"
"","","","","","","","","","","","","","","","","","","","","","2025-02-07","0.00","0.00","29.7","20.2","24.8","83","21.4","6.3","89","32.0","1011.6","47","21.93"
"","","","","","","","","","","","","","","","","","","","","","2025-02-08","0.00","0.00","30.5","19.8","25.0","80","20.6","6.4","107","30.6","1011.4","50","21.87"
"","","","","","","","","","","","","","","","","","","","","","2025-02-09","0.30","0.30","29.5","20.7","25.1","82","21.5","7.1","74","32.0","1011.1","65","20.64"
"","","","","","","","","","","","","","","","","","","","","","2025-02-10","1.20","1.20","29.6","21.5","25.3","77","20.4","7.8","67","33.5","1012.1","58","21.51"
"","","","","","","","","","","","","","","","","","","","","","2025-02-11","0.00","0.00","29.6","20.4","24.7","76","19.6","6.7","95","30.6","1012.2","64","23.03"
"","","","","","","","","","","","","","","","","","","","","","2025-02-12","0.00","0.00","31.0","19.2","24.3","75","18.8","6.4","145","27.4","1011.9","67","23.00"
"","","","","","","","","","","","","","","","","","","","","","2025-02-13","0.00","0.00","32.0","19.6","24.6","76","19.5","8.7","165","32.8","1011.3","74","23.16"
"","","","","","","","","","","","","","","","","","","","","","2025-02-14","0.00","0.00","32.4","19.9","25.0","76","19.8","10.2","165","33.8","1010.8","2","23.41"
"","","","","","","","","","","","","","","","","","","","","","2025-02-15","0.00","0.00","31.8","21.0","25.5","78","20.8","9.8","156","36.0","1010.0","41","22.94"
"","","","","","","","","","","","","","","","","","","","","","2025-02-16","0.00","0.00","31.5","22.3","25.8","78","21.1","10.5","156","38.9","1010.8","11","23.08"
"","","","","","","","","","","","","","","","","","","","","","2025-02-17","0.00","0.00","32.0","21.6","26.2","76","21.1","9.5","145","37.8","1012.1","15","22.56"
"","","","","","","","","","","","","","","","","","","","","","2025-02-18","0.00","0.00","32.1","21.4","26.1","74","20.6","10.3","156","38.9","1011.8","9","22.66"
"","","","","","","","","","","","","","","","","","","","","","2025-02-19","0.00","0.00","32.2","21.0","26.1","75","20.7","10.5","149","40.0","1010.1","1","23.21"
"","","","","","","","","","","","","","","","","","","","","","2025-02-20","0.00","0.00","33.0","22.0","26.7","73","20.8","10.6","151","38.2","1010.9","11","22.92"
"","","","","","","","","","","","","","","","","","","","","","2025-02-21","0.00","0.00","30.8","21.6","26.3","75","21.1","7.6","100","32.8","1012.4","15","23.05"
"","","","","","","","","","","","","","","","","","","","","","2025-02-22","0.00","0.00","31.6","21.9","26.5","77","21.7","8.3","116","36.7","1012.7","19","23.22"
"","","","","","","","","","","","","","","","","","","","","","2025-02-23","0.00","0.00","32.8","22.4","26.6","75","21.0","8.6","137","34.9","1012.8","20","23.08"
"","","","","","","","","","","","","","","","","","","","","","2025-02-24","0.00","0.00","30.6","22.2","26.3","80","22.2","10.1","75","40.0","1013.1","27","22.80"
"","","","","","","","","","","","","","","","","","","","","","2025-02-25","0.00","0.00","31.4","22.2","26.9","74","21.3","11.3","34","40.7","1014.1","45","23.07"
"","","","","","","","","","","","","","","","","","","","","","2025-02-26","0.10","0.10","31.9","22.9","27.1","74","21.6","12.8","34","42.5","1013.9","36","23.43"
"","","","","","","","","","","","","","","","","","","","","","2025-02-27","0.00","0.00","30.9","22.1","26.6","76","21.5","10.9","41","39.6","1012.4","79","23.21"
"","","","","","","","","","","","","","","","","","","","","","2025-02-28","0.00","0.00","30.8","22.2","26.9","74","21.5","12.0","48","38.2","1011.5","88","22.17"
"","","","","","","","","","","","","","","","","","","","","","2025-03-01","0.50","0.50","30.5","24.3","27.5","76","22.8","10.6","69","39.2","1010.5","35","22.37"
"","","","","","","","","","","","","","","","","","","","","","2025-03-02","0.30","0.30","32.2","23.5","27.4","79","23.0","7.5","92","35.3","1009.0","54","22.79"
"","","","","","","","","","","","","","","","","","","","","","2025-03-03","0.00","0.00","34.0","23.9","27.8","78","23.0","8.9","141","38.2","1008.9","60","24.33"
"","","","","","","","","","","","","","","","","","","","","","2025-03-04","0.00","0.00","34.2","23.6","28.0","73","21.7","10.7","155","34.6","1008.7","69","24.37"
"","","","","","","","","","","","","","","","","","","","","","2025-03-05","0.00","0.00","35.8","23.0","27.8","75","21.9","11.7","163","38.9","1008.4","85","23.29"
"","","","","","","","","","","","","","","","","","","","","","2025-03-06","0.00","0.00","35.8","21.5","27.9","64","19.0","8.9","74","43.9","1009.2","44","24.79"
"","","","","","","","","","","","","","","","","","","","","","2025-03-07","0.00","0.00","33.7","20.8","26.3","57","16.1","8.4","117","39.2","1008.6","69","25.45"
"","","","","","","","","","","","","","","","","","","","","","2025-03-08","0.00","0.00","34.3","22.4","27.1","71","20.4","11.5","160","41.8","1007.5","5","25.02"
"","","","","","","","","","","","","","","","","","","","","","2025-03-09","0.00","0.00","32.5","22.3","26.9","74","21.5","11.6","123","43.9","1008.9","29","24.53"
"","","","","","","","","","","","","","","","","","","","","","2025-03-10","0.00","0.00","30.8","23.1","27.2","68","20.3","11.0","63","37.8","1011.3","50","23.88"
"","","","","","","","","","","","","","","","","","","","","","2025-03-11","9.70","9.70","30.5","23.8","26.3","80","22.5","12.3","55","49.0","1011.4","89","19.96"
"","","","","","","","","","","","","","","","","","","","","","2025-03-12","0.20","0.20","31.5","22.6","27.2","82","23.7","9.7","89","38.5","1009.6","65","23.11"
"","","","","","","","","","","","","","","","","","","","","","2025-03-13","0.00","0.00","34.3","23.4","28.2","78","23.3","9.4","142","38.2","1008.4","57","24.20"
"","","","","","","","","","","","","","","","","","","","","","2025-03-14","0.00","0.00","35.7","24.0","28.8","73","22.6","12.7","165","41.4","1008.6","36","24.85"
"","","","","","","","","","","","","","","","","","","","","","2025-03-15","0.00","0.00","35.6","23.8","28.5","72","22.0","11.8","164","40.7","1009.6","38","24.89"
"","","","","","","","","","","","","","","","","","","","","","2025-03-16","0.00","0.00","33.7","23.5","28.4","75","23.2","10.4","140","42.5","1009.7","18","23.27"
"","","","","","","","","","","","","","","","","","","","","","2025-03-17","0.00","0.00","35.8","25.2","29.6","73","23.5","12.5","154","45.7","1008.9","59","23.88"
"","","","","","","","","","","","","","","","","","","","","","2025-03-18","0.00","0.00","35.2","25.6","29.7","72","23.4","13.2","152","45.0","1008.9","39","23.27"
"","","","","","","","","","","","","","","","","","","","","","2025-03-19","0.20","0.20","34.2","25.4","29.3","74","23.5","13.3","140","46.8","1011.0","73","22.59"
"","","","","","","","","","","","","","","","","","","","","","2025-03-20","0.00","0.00","34.5","25.2","29.2","73","23.1","13.0","135","49.7","1012.1","25","24.40"
"","","","","","","","","","","","","","","","","","","","","","2025-03-21","0.00","0.00","34.4","24.9","29.1","73","23.3","12.9","127","46.1","1012.0","16","23.29"
"","","","","","","","","","","","","","","","","","","","","","2025-03-22","2.80","2.80","34.0","25.6","29.1","74","23.6","11.8","145","41.8","1011.2","48","19.87"
"","","","","","","","","","","","","","","","","","","","","","2025-03-23","4.90","4.90","32.8","25.8","28.9","76","23.9","10.6","113","41.8","1011.3","58","19.56"
"","","","","","","","","","","","","","","","","","","","","","2025-03-24","0.10","0.10","32.0","24.8","28.4","78","23.8","9.5","96","41.0","1010.9","35","21.58"
"","","","","","","","","","","","","","","","","","","","","","2025-03-25","0.00","0.00","33.6","23.4","28.3","73","22.4","9.6","112","44.3","1008.2","11","25.08"
"","","","","","","","","","","","","","","","","","","","","","2025-03-26","0.00","0.00","35.8","23.7","28.9","71","22.2","11.2","144","42.5","1006.8","18","23.77"
"","","","","","","","","","","","","","","","","","","","","","2025-03-27","0.00","0.00","38.0","24.6","29.9","65","21.1","11.9","164","50.0","1006.0","18","25.38"
"","","","","","","","","","","","","","","","","","","","","","2025-03-28","0.00","0.00","38.9","25.3","30.9","57","19.9","13.2","171","39.6","1005.3","59","25.52"
"","","","","","","","","","","","","","","","","","","","","","2025-03-29","0.00","0.00","38.7","24.8","31.1","50","16.9","13.9","165","41.8","1005.3","7","26.21"
"","","","","","","","","","","","","","","","","","","","","","2025-03-30","0.00","0.00","38.5","24.4","30.1","59","18.9","14.2","166","38.5","1007.0","3","25.70"
"","","","","","","","","","","","","","","","","","","","","","2025-03-31","0.00","0.00","34.2","24.5","28.8","70","21.9","12.4","140","43.2","1007.6","22","25.10"
"","","","","","","","","","","","","","","","","","","","","","2025-04-01","0.90","0.90","33.5","24.3","28.5","67","21.1","12.0","128","49.3","1007.2","18","23.99"
"","","","","","","","","","","","","","","","","","","","","","2025-04-02","1.90","1.90","33.5","24.8","29.0","71","23.1","11.1","112","41.0","1007.8","63","20.07"
"","","","","","","","","","","","","","","","","","","","","","2025-04-03","0.00","0.00","34.5","26.0","29.8","68","23.0","11.5","156","43.6","1009.3","98","19.70"
"","","","","","","","","","","","","","","","","","","","","","2025-04-04","0.80","0.80","32.5","25.2","28.5","75","23.4","10.4","64","40.7","1009.6","59","22.01"
"","","","","","","","","","","","","","","","","","","","","","2025-04-05","0.70","0.70","33.7","25.5","28.9","74","23.4","9.3","108","40.7","1008.3","47","22.87"
"","","","","","","","","","","","","","","","","","","","","","2025-04-06","0.00","0.00","34.0","25.4","29.4","71","23.0","8.0","118","34.2","1007.0","50","15.19"
"","","","","","","","","","","","","","","","","","","","","","2025-04-07","0.00","0.00","35.1","25.6","29.6","73","23.6","10.0","103","44.3","1007.5","54","24.79"
"","","","","","","","","","","","","","","","","","","","","","2025-04-08","0.00","0.00","33.5","24.9","29.4","74","23.8","10.0","63","41.0","1008.5","28","24.19"
"","","","","","","","","","","","","","","","","","","","","","2025-04-09","0.00","0.00","34.7","25.8","29.5","72","23.4","11.6","50","43.6","1007.3","16","24.77"
"","","","","","","","","","","","","","","","","","","","","","2025-04-10","0.00","0.00","37.8","25.2","30.5","68","23.0","10.6","143","52.6","1004.6","62","22.52"
"","","","","","","","","","","","","","","","","","","","","","2025-04-11","0.00","0.00","37.9","26.7","31.4","63","22.6","10.2","114","46.1","1003.9","43","24.23"
"","","","","","","","","","","","","","","","","","","","","","2025-04-12","0.00","0.00","39.7","27.3","32.2","57","21.4","10.0","138","50.4","1004.7","21","23.60"
"","","","","","","","","","","","","","","","","","","","","","2025-04-13","0.00","0.00","35.8","27.1","31.1","65","22.9","8.2","106","32.4","1006.2","37","17.12"
"","","","","","","","","","","","","","","","","","","","","","2025-04-14","4.10","4.10","36.0","26.8","30.4","74","24.7","10.5","131","38.5","1006.6","33","22.12"
"","","","","","","","","","","","","","","","","","","","","","2025-04-15","0.20","0.20","35.9","27.0","30.7","69","24.0","13.1","146","42.8","1006.8","19","23.55"
"","","","","","","","","","","","","","","","","","","","","","2025-04-16","2.00","2.00","35.7","26.5","30.6","67","23.4","11.5","160","40.0","1007.2","30","21.69"
"","","","","","","","","","","","","","","","","","","","","","2025-04-17","0.00","0.00","36.2","27.1","30.8","69","24.1","12.3","148","41.0","1006.1","11","23.27"
"","","","","","","","","","","","","","","","","","","","","","2025-04-18","0.20","0.20","37.7","27.4","31.8","67","24.2","14.0","171","40.3","1005.2","12","22.56"
"","","","","","","","","","","","","","","","","","","","","","2025-04-19","0.00","0.00","38.1","27.8","32.1","66","24.1","12.7","157","39.6","1004.7","36","23.71"
"","","","","","","","","","","","","","","","","","","","","","2025-04-20","0.00","0.00","38.9","28.0","32.2","66","24.2","13.9","163","48.6","1005.1","14","25.26"
"","","","","","","","","","","","","","","","","","","","","","2025-04-21","0.00","0.00","36.7","27.4","31.3","73","25.0","12.4","136","44.3","1007.1","29","25.11"
"","","","","","","","","","","","","","","","","","","","","","2025-04-22","0.00","0.00","38.5","26.5","31.7","65","23.1","13.2","159","44.3","1007.9","24","25.24"
"","","","","","","","","","","","","","","","","","","","","","2025-04-23","0.00","0.00","37.6","26.7","31.8","64","23.1","13.9","163","40.0","1006.4","4","25.41"
"","","","","","","","","","","","","","","","","","","","","","2025-04-24","0.00","0.00","38.6","26.8","31.8","67","24.0","13.9","154","48.2","1005.3","22","25.48"
"","","","","","","","","","","","","","","","","","","","","","2025-04-25","0.00","0.00","37.5","27.0","31.7","69","24.5","13.6","146","48.6","1005.6","19","24.87"
"","","","","","","","","","","","","","","","","","","","","","2025-04-26","0.00","0.00","38.4","27.3","31.9","66","23.9","14.8","155","52.2","1005.7","31","24.79"
"","","","","","","","","","","","","","","","","","","","","","2025-04-27","0.00","0.00","36.1","26.4","30.9","68","23.7","12.7","132","46.8","1007.0","78","23.92"
"","","","","","","","","","","","","","","","","","","","","","2025-04-28","0.40","0.40","35.1","26.1","30.6","68","23.4","13.1","139","43.2","1006.0","61","21.67"
"","","","","","","","","","","","","","","","","","","","","","2025-04-29","0.60","0.60","35.8","27.0","31.2","65","23.4","12.8","135","43.9","1005.1","41","24.33"
"","","","","","","","","","","","","","","","","","","","","","2025-04-30","0.00","0.00","37.8","27.3","31.7","67","24.1","12.5","140","45.7","1005.5","39","23.93"
"","","","","","","","","","","","","","","","","","","","","","2025-05-01","0.60","0.60","38.0","27.8","32.0","64","23.6","13.3","144","43.6","1006.0","50","23.49"
"","","","","","","","","","","","","","","","","","","","","","2025-05-02","1.50","1.50","37.4","27.9","32.1","67","24.4","11.6","148","40.7","1006.3","63","21.83"
"","","","","","","","","","","","","","","","","","","","","","2025-05-03","0.00","0.00","38.4","28.3","32.5","64","24.1","13.8","149","46.1","1005.1","21","23.59"
"","","","","","","","","","","","","","","","","","","","","","2025-05-04","0.70","0.70","38.5","28.5","32.2","63","23.6","11.8","157","34.2","1004.7","29","23.41"
"","","","","","","","","","","","","","","","","","","","","","2025-05-05","0.00","0.00","36.9","27.3","31.0","66","23.5","12.3","145","46.8","1004.5","69","24.00"
"","","","","","","","","","","","","","","","","","","","","","2025-05-06","0.30","0.30","37.5","27.3","31.8","67","24.3","12.5","160","42.1","1005.2","30","23.46"
"","","","","","","","","","","","","","","","","","","","","","2025-05-07","1.10","1.10","36.5","27.6","31.2","68","24.0","11.1","126","47.2","1004.6","43","22.95"
"","","","","","","","","","","","","","","","","","","","","","2025-05-08","2.10","2.10","37.2","27.5","31.5","66","23.8","9.7","144","34.6","1004.9","60","22.44"
"","","","","","","","","","","","","","","","","","","","","","2025-05-09","0.00","0.00","37.2","26.8","31.0","63","22.6","9.6","103","43.9","1005.6","17","24.34"
"","","","","","","","","","","","","","","","","","","","","","2025-05-10","0.30","0.30","37.2","27.3","31.9","63","23.5","11.6","174","41.4","1005.7","41","23.18"
"","","","","","","","","","","","","","","","","","","","","","2025-05-11","0.00","0.00","37.5","28.0","32.6","62","23.7","10.7","158","36.0","1004.2","25","23.36"
"","","","","","","","","","","","","","","","","","","","","","2025-05-12","0.00","0.00","39.8","28.5","32.7","59","22.9","11.2","117","42.5","1002.7","22","23.47"
"","","","","","","","","","","","","","","","","","","","","","2025-05-13","0.00","0.00","39.2","27.2","32.5","62","23.2","10.3","84","41.8","1002.5","72","24.49"
"","","","","","","","","","","","","","","","","","","","","","2025-05-14","0.00","0.00","38.2","27.2","31.9","66","24.0","9.4","89","43.9","1003.6","55","24.56"
"","","","","","","","","","","","","","","","","","","","","","2025-05-15","0.00","0.00","36.7","28.5","31.9","68","24.6","10.5","97","42.5","1004.1","36","24.58"
"","","","","","","","","","","","","","","","","","","","","","2025-05-16","0.90","0.90","37.0","27.6","31.3","70","24.9","10.3","93","49.0","1004.0","71","23.46"
"","","","","","","","","","","","","","","","","","","","","","2025-05-17","1.50","1.50","35.0","25.8","30.0","70","23.5","11.5","237","39.2","1003.7","94","12.63"
"","","","","","","","","","","","","","","","","","","","","","2025-05-18","31.60","31.60","35.2","26.3","29.8","73","23.9","10.1","18","39.2","1002.7","100","19.48"
"","","","","","","","","","","","","","","","","","","","","","2025-05-19","14.70","14.70","32.4","25.6","28.3","85","25.3","7.7","10","33.5","1001.8","100","12.66"
"","","","","","","","","","","","","","","","","","","","","","2025-05-20","9.70","9.70","34.1","26.0","28.6","83","25.1","7.3","305","29.9","1001.5","100","16.59"
"","","","","","","","","","","","","","","","","","","","","","2025-05-21","9.80","9.80","36.0","25.5","29.8","76","24.5","6.1","256","24.5","1002.4","100","19.20"
"","","","","","","","","","","","","","","","","","","","","","2025-05-22","0.20","0.20","35.5","25.8","30.6","67","23.1","6.2","189","28.4","1002.8","100","20.74"
"","","","","","","","","","","","","","","","","","","","","","2025-05-23","0.20","0.20","37.5","27.2","32.1","58","22.1","12.8","211","37.1","1000.8","71","23.95"
"","","","","","","","","","","","","","","","","","","","","","2025-05-24","0.00","0.00","35.5","28.1","31.5","60","22.6","15.1","211","42.8","1000.1","98","15.64"
"","","","","","","","","","","","","","","","","","","","","","2025-05-25","1.00","1.00","35.9","27.8","31.1","64","23.1","12.4","226","37.8","1000.9","91","18.14"
"","","","","","","","","","","","","","","","","","","","","","2025-05-26","2.00","2.00","34.8","27.5","30.3","63","22.4","15.6","228","46.1","1000.2","96","13.60"
"","","","","","","","","","","","","","","","","","","","","","2025-05-27","0.00","0.00","35.5","27.9","30.8","59","21.6","13.0","244","49.7","999.1","99","12.38"
"","","","","","","","","","","","","","","","","","","","","","2025-05-28","1.30","1.30","37.0","27.4","30.9","61","22.1","11.6","274","40.7","998.8","100","15.82"
"","","","","","","","","","","","","","","","","","","","","","2025-05-29","2.20","2.20","37.0","27.0","31.2","59","22.1","13.0","237","42.1","998.7","100","17.07"
"","","","","","","","","","","","","","","","","","","","","","2025-05-30","9.90","9.90","36.3","26.9","30.0","68","23.2","10.1","237","41.4","999.9","100","16.36"
"","","","","","","","","","","","","","","","","","","","","","2025-05-31","0.00","0.00","37.7","27.5","31.3","65","23.4","9.2","198","33.8","1002.4","100","21.68"
"","","","","","","","","","","","","","","","","","","","","","2025-06-01","0.00","0.00","38.8","27.3","32.4","56","21.7","7.4","196","24.1","1003.6","97","24.18"
"","","","","","","","","","","","","","","","","","","","","","2025-06-02","0.40","0.40","37.1","26.9","31.8","60","22.6","8.7","190","35.6","1003.9","92","22.75"
"","","","","","","","","","","","","","","","","","","","","","2025-06-03","1.10","1.10","37.7","27.9","31.6","57","21.7","8.5","214","43.6","1004.0","80","22.88"
"","","","","","","","","","","","","","","","","","","","","","2025-06-04","10.10","10.10","36.5","27.5","31.0","63","22.7","9.1","219","25.9","1004.6","77","21.73"
"","","","","","","","","","","","","","","","","","","","","","2025-06-05","0.00","0.00","36.3","26.4","31.2","63","22.8","7.8","43","28.8","1005.3","67","23.04"
"","","","","","","","","","","","","","","","","","","","","","2025-06-06","0.50","0.50","37.0","28.0","32.3","60","22.9","12.7","188","33.8","1005.4","32","23.44"
"","","","","","","","","","","","","","","","","","","","","","2025-06-07","0.10","0.10","38.0","28.9","32.7","55","21.9","9.5","223","33.5","1004.9","62","22.94"
"","","","","","","","","","","","","","","","","","","","","","2025-06-08","0.20","0.20","37.8","27.1","31.8","58","22.2","9.6","289","34.6","1004.0","79","22.98"
"","","","","","","","","","","","","","","","","","","","","","2025-06-09","1.20","1.20","37.8","26.1","31.2","60","22.3","10.3","253","45.0","1002.4","86","20.92"
"","","","","","","","","","","","","","","","","","","","","","2025-06-10","0.00","0.00","38.5","27.0","32.1","58","22.3","10.0","238","32.8","999.6","76","23.07"
"","","","","","","","","","","","","","","","","","","","","","2025-06-11","4.40","4.40","36.8","27.3","30.6","66","23.0","8.1","251","39.6","999.2","99","18.82"
"","","","","","","","","","","","","","","","","","","","","","2025-06-12","8.00","8.00","35.6","26.1","30.0","70","23.4","10.7","206","41.4","999.2","92","19.78"
"","","","","","","","","","","","","","","","","","","","","","2025-06-13","7.80","7.80","36.5","26.3","30.9","65","22.8","13.4","220","42.5","1000.0","81","21.58"
"","","","","","","","","","","","","","","","","","","","","","2025-06-14","0.80","0.80","36.8","28.0","31.7","59","22.6","14.6","221","37.8","1000.6","97","20.42"
"","","","","","","","","","","","","","","","","","","","","","2025-06-15","0.40","0.40","35.1","28.3","31.2","57","21.5","17.9","221","52.9","1000.7","97","17.97"
"","","","","","","","","","","","","","","","","","","","","","2025-06-16","0.30","0.30","35.8","27.9","31.4","55","21.0","16.9","226","51.5","1001.3","96","16.25"
"","","","","","","","","","","","","","","","","","","","","","2025-06-17","0.30","0.30","37.1","28.0","31.7","56","21.5","14.6","229","40.0","1003.1","99","19.37"
"","","","","","","","","","","","","","","","","","","","","","2025-06-18","0.30","0.30","37.5","27.2","32.8","52","21.1","12.5","227","34.2","1003.1","97","22.61"
"","","","","","","","","","","","","","","","","","","","","","2025-06-19","0.40","0.40","38.1","28.1","33.2","50","20.7","11.4","223","35.6","1002.9","99","21.31"
"","","","","","","","","","","","","","","","","","","","","","2025-06-20","0.10","0.10","38.2","27.0","32.8","51","20.7","11.5","225","36.4","1003.8","95","23.45"
"","","","","","","","","","","","","","","","","","","","","","2025-06-21","1.20","1.20","37.5","27.3","31.4","58","21.6","9.9","234","34.6","1003.9","97","19.34"
"","","","","","","","","","","","","","","","","","","","","","2025-06-22","6.40","6.40","36.7","25.5","31.8","55","21.2","9.0","236","29.5","1003.2","99","16.98"
"","","","","","","","","","","","","","","","","","","","","","2025-06-23","0.60","0.60","35.0","26.2","30.8","58","21.1","10.1","252","33.8","1002.5","100","11.34"
"","","","","","","","","","","","","","","","","","","","","","2025-06-24","0.00","0.00","37.0","28.0","31.8","51","20.2","11.7","242","51.5","1001.5","100","14.28"
"","","","","","","","","","","","","","","","","","","","","","2025-06-25","0.10","0.10","35.7","28.1","31.2","56","21.2","11.4","232","37.4","1001.7","100","12.74"
"","","","","","","","","","","","","","","","","","","","","","2025-06-26","2.30","2.30","36.7","27.6","31.1","59","21.9","13.0","222","47.9","1002.3","100","14.35"
"","","","","","","","","","","","","","","","","","","","","","2025-06-27","0.00","0.00","36.4","27.6","32.0","53","21.1","9.3","217","32.8","1003.0","100","19.22"
"","","","","","","","","","","","","","","","","","","","","","2025-06-28","4.40","4.40","37.6","28.0","31.9","54","21.3","10.1","225","38.5","1003.2","97","20.80"
"","","","","","","","","","","","","","","","","","","","","","2025-06-29","0.10","0.10","39.0","28.6","32.1","51","20.2","12.5","249","43.2","1002.2","90","22.32"
"","","","","","","","","","","","","","","","","","","","","","2025-06-30","0.80","0.80","36.4","28.0","31.3","57","21.3","8.0","306","33.5","1002.3","98","18.08"
"","","","","","","","","","","","","","","","","","","","","","2025-07-01","0.00","0.00","37.1","26.6","32.0","55","20.9","9.5","284","39.2","1002.5","100","19.36"
"","","","","","","","","","","","","","","","","","","","","","2025-07-02","1.50","1.50","37.5","26.9","30.8","60","21.8","10.0","233","38.9","1002.6","100","16.99"
"","","","","","","","","","","","","","","","","","","","","","2025-07-03","0.10","0.10","36.6","27.0","31.0","57","21.2","10.2","231","32.8","1003.2","100","13.67"
"","","","","","","","","","","","","","","","","","","","","","2025-07-04","0.70","0.70","38.5","27.9","31.8","54","20.9","10.6","238","43.9","1004.0","100","19.71"
"","","","","","","","","","","","","","","","","","","","","","2025-07-05","2.20","2.20","37.4","27.0","31.4","58","21.7","8.8","251","38.2","1003.6","97","20.50"
"","","","","","","","","","","","","","","","","","","","","","2025-07-06","4.90","4.90","37.6","26.9","31.2","57","21.2","11.3","242","40.0","1002.7","100","17.82"
"","","","","","","","","","","","","","","","","","","","","","2025-07-07","0.00","0.00","38.8","27.6","32.6","50","20.3","9.9","256","42.5","1002.4","100","20.12"
"","","","","","","","","","","","","","","","","","","","","","2025-07-08","0.60","0.60","39.8","27.4","32.8","49","19.9","12.2","256","40.0","1002.8","72","24.09"
"","","","","","","","","","","","","","","","","","","","","","2025-07-09","0.30","0.30","37.5","26.7","31.2","61","22.2","8.8","245","30.2","1003.2","91","20.71"
"","","","","","","","","","","","","","","","","","","","","","2025-07-10","0.80","0.80","36.2","27.8","31.5","57","21.7","9.4","236","33.8","1002.8","64","21.04"
"","","","","","","","","","","","","","","","","","","","","","2025-07-11","0.00","0.00","37.0","28.7","32.1","58","22.2","9.7","229","29.9","1002.0","39","21.75"
"","","","","","","","","","","","","","","","","","","","","","2025-07-12","21.20","21.20","37.8","27.0","30.9","63","22.4","8.5","263","32.8","1002.9","62","22.32"
"","","","","","","","","","","","","","","","","","","","","","2025-07-13","1.40","1.40","36.5","27.5","31.1","60","22.1","9.0","254","34.2","1003.0","100","20.32"
"","","","","","","","","","","","","","","","","","","","","","2025-07-14","0.90","0.90","37.0","27.1","31.2","59","21.7","9.7","236","39.2","1003.0","100","21.02"
"","","","","","","","","","","","","","","","","","","","","","2025-07-15","7.40","7.40","37.9","26.8","30.7","63","22.3","9.5","248","37.1","1002.3","80","21.70"
"","","","","","","","","","","","","","","","","","","","","","2025-07-16","9.50","9.50","36.5","25.1","30.7","63","22.3","9.2","228","36.0","1001.6","71","23.49"
"","","","","","","","","","","","","","","","","","","","","","2025-07-17","10.30","10.30","36.2","25.0","29.5","75","24.0","9.1","231","36.7","1002.0","73","23.29"
"","","","","","","","","","","","","","","","","","","","","","2025-07-18","4.20","4.20","33.8","26.3","29.2","74","23.9","7.5","262","36.4","1002.3","97","18.10"
"","","","","","","","","","","","","","","","","","","","","","2025-07-19","1.00","1.00","34.5","25.4","28.9","76","23.8","8.0","235","36.4","1000.2","96","17.34"
"","","","","","","","","","","","","","","","","","","","","","2025-07-20","0.60","0.60","34.5","26.0","30.0","67","23.0","7.2","249","31.7","999.6","98","18.38"
"","","","","","","","","","","","","","","","","","","","","","2025-07-21","2.60","2.60","32.5","25.9","28.4","77","23.8","8.0","235","33.8","1001.0","100","13.03"
"","","","","","","","","","","","","","","","","","","","","","2025-07-22","4.20","4.20","34.2","26.6","29.3","68","22.6","11.4","237","40.3","1001.3","100","16.65"
"","","","","","","","","","","","","","","","","","","","","","2025-07-23","17.80","17.80","30.2","25.1","27.7","78","23.4","10.2","226","29.9","1001.2","100","10.09"
"","","","","","","","","","","","","","","","","","","","","","2025-07-24","8.20","8.20","30.1","24.7","27.6","80","23.6","9.7","221","25.2","1000.8","100","8.92"
"","","","","","","","","","","","","","","","","","","","","","2025-07-25","5.80","5.80","32.6","26.2","28.7","72","23.0","10.4","231","42.5","1000.8","100","14.24"
"","","","","","","","","","","","","","","","","","","","","","2025-07-26","2.50","2.50","35.3","24.5","29.9","64","21.9","13.3","236","42.1","1002.1","97","17.50"
"","","","","","","","","","","","","","","","","","","","","","2025-07-27","0.00","0.00","35.0","26.5","30.5","58","21.0","11.5","253","45.4","1003.5","79","17.86"
"","","","","","","","","","","","","","","","","","","","","","2025-07-28","0.10","0.10","35.5","25.5","30.8","53","20.0","11.8","271","38.2","1003.5","46","20.31"
"","","","","","","","","","","","","","","","","","","","","","2025-07-29","0.10","0.10","36.0","26.4","31.1","52","20.0","14.0","273","47.9","1003.6","81","22.67"
"","","","","","","","","","","","","","","","","","","","","","2025-07-30","0.00","0.00","36.8","25.9","31.2","56","20.9","11.0","253","37.4","1003.3","98","24.30"
"","","","","","","","","","","","","","","","","","","","","","2025-07-31","7.30","7.30","35.8","26.4","29.8","67","22.8","7.3","247","34.2","1003.9","99","20.05"
"","","","","","","","","","","","","","","","","","","","","","2025-08-01","0.60","0.60","35.4","26.5","30.6","67","23.3","8.6","238","24.5","1003.5","100","23.01"
"","","","","","","","","","","","","","","","","","","","","","2025-08-02","0.10","0.10","34.9","26.8","30.7","65","22.9","9.2","200","31.0","1003.3","93","23.26"
"","","","","","","","","","","","","","","","","","","","","","2025-08-03","0.20","0.20","34.2","26.3","30.0","68","23.2","9.1","237","34.9","1004.3","99","19.39"
"","","","","","","","","","","","","","","","","","","","","","2025-08-04","2.80","2.80","34.3","26.2","29.6","71","23.6","8.2","264","29.5","1004.8","94","19.81"
"","","","","","","","","","","","","","","","","","","","","","2025-08-05","1.40","1.40","33.3","25.5","29.5","72","23.5","8.3","173","29.9","1004.3","80","21.23"
"","","","","","","","","","","","","","","","","","","","","","2025-08-06","1.40","1.40","33.7","24.8","29.3","76","24.4","7.3","90","32.0","1003.7","37","23.76"
"","","","","","","","","","","","","","","","","","","","","","2025-08-07","10.50","10.50","34.0","25.0","29.1","78","24.6","8.9","186","27.4","1003.7","71","23.92"
"","","","","","","","","","","","","","","","","","","","","","2025-08-08","15.00","15.00","32.8","24.6","28.4","80","24.4","8.5","71","33.1","1005.4","91","22.47"
"","","","","","","","","","","","","","","","","","","","","","2025-08-09","29.40","29.40","33.5","24.2","28.6","77","23.9","6.7","198","31.3","1006.6","99","21.55"
"","","","","","","","","","","","","","","","","","","","","","2025-08-10","9.20","9.20","34.0","25.2","28.6","72","22.8","10.6","232","37.1","1006.2","100","18.41"
"","","","","","","","","","","","","","","","","","","","","","2025-08-11","5.00","5.00","34.9","24.5","28.8","71","22.5","11.8","244","39.6","1005.3","96","20.21"
"","","","","","","","","","","","","","","","","","","","","","2025-08-12","7.40","7.40","32.2","24.4","28.4","70","22.1","10.0","253","39.2","1003.6","100","12.71"
"","","","","","","","","","","","","","","","","","","","","","2025-08-13","2.80","2.80","29.5","25.4","27.2","77","22.8","6.3","226","21.2","1002.7","100","8.07"
"","","","","","","","","","","","","","","","","","","","","","2025-08-14","6.80","6.80","34.1","25.5","28.3","72","22.4","11.9","227","43.9","1003.1","87","19.90"
"","","","","","","","","","","","","","","","","","","","","","2025-08-15","17.70","17.70","36.0","25.4","28.5","72","22.6","9.8","222","38.9","1002.0","96","17.21"
"","","","","","","","","","","","","","","","","","","","","","2025-08-16","3.10","3.10","31.6","25.2","28.4","74","23.0","9.6","226","42.1","1000.3","100","14.87"
"","","","","","","","","","","","","","","","","","","","","","2025-08-17","15.90","15.90","30.4","24.9","26.6","89","24.5","9.7","216","32.8","1001.1","100","9.14"
"","","","","","","","","","","","","","","","","","","","","","2025-08-18","5.60","5.60","28.2","24.2","26.1","88","23.9","12.3","216","28.8","1003.1","100","6.27"
"","","","","","","","","","","","","","","","","","","","","","2025-08-19","0.70","0.70","33.4","24.4","28.8","66","21.2","13.4","229","38.9","1003.5","100","16.22"
"","","","","","","","","","","","","","","","","","","","","","2025-08-20","0.20","0.20","35.2","25.0","29.7","60","20.8","11.3","224","35.3","1004.5","80","21.06"
"","","","","","","","","","","","","","","","","","","","","","2025-08-21","0.00","0.00","34.1","25.4","29.7","66","22.3","7.3","221","28.4","1006.2","82","22.46"
"","","","","","","","","","","","","","","","","","","","","","2025-08-22","3.00","3.00","34.2","25.0","29.0","73","23.3","14.1","213","49.0","1006.3","97","21.02"
"","","","","","","","","","","","","","","","","","","","","","2025-08-23","8.50","8.50","33.6","24.4","29.0","69","22.3","10.6","210","46.1","1005.6","100","16.89"
"","","","","","","","","","","","","","","","","","","","","","2025-08-24","0.00","0.00","35.7","25.4","30.6","62","22.1","7.8","243","29.9","1005.8","86","23.55"
"","","","","","","","","","","","","","","","","","","","","","2025-08-25","0.00","0.00","35.0","25.6","30.3","59","20.8","8.1","245","32.0","1005.0","97","21.32"
"","","","","","","","","","","","","","","","","","","","","","2025-08-26","0.20","0.20","36.8","26.0","30.9","53","19.5","9.7","223","30.2","1004.2","97","23.27"
"","","","","","","","","","","","","","","","","","","","","","2025-08-27","5.40","5.40","33.3","24.1","28.1","74","22.7","9.7","230","33.5","1003.6","100","12.67"
"","","","","","","","","","","","","","","","","","","","","","2025-08-28","1.70","1.70","35.1","24.9","29.5","69","22.9","12.4","217","36.0","1002.7","100","17.18"
"","","","","","","","","","","","","","","","","","","","","","2025-08-29","0.30","0.30","35.2","26.5","30.3","65","22.5","9.9","207","33.8","1003.7","100","19.63"
"","","","","","","","","","","","","","","","","","","","","","2025-08-30","16.40","16.40","35.5","25.0","29.6","72","23.5","7.6","212","39.6","1005.0","61","20.53"
"","","","","","","","","","","","","","","","","","","","","","2025-08-31","2.10","2.10","35.5","25.2","29.3","72","23.1","10.0","250","36.0","1004.5","85","21.36"
"","","","","","","","","","","","","","","","","","","","","","2025-09-01","6.70","6.70","32.2","25.3","28.0","78","23.8","7.4","219","34.9","1002.6","96","13.01"
"","","","","","","","","","","","","","","","","","","","","","2025-09-02","5.60","5.60","35.9","25.3","29.4","69","22.6","8.7","271","37.8","1002.0","97","19.76"
"","","","","","","","","","","","","","","","","","","","","","2025-09-03","6.10","6.10","35.2","27.4","29.7","66","22.5","12.0","246","38.9","1002.1","100","20.42"
"","","","","","","","","","","","","","","","","","","","","","2025-09-04","0.40","0.40","35.8","25.1","30.5","61","21.5","10.9","232","42.8","1003.1","86","22.77"
"","","","","","","","","","","","","","","","","","","","","","2025-09-05","0.00","0.00","36.3","26.6","31.1","58","21.3","8.8","229","25.9","1004.4","44","23.75"
"","","","","","","","","","","","","","","","","","","","","","2025-09-06","0.20","0.20","36.0","26.4","30.9","64","22.7","11.0","199","29.9","1005.3","36","23.77"
"","","","","","","","","","","","","","","","","","","","","","2025-09-07","0.70","0.70","36.2","26.5","30.9","63","22.4","10.3","189","40.7","1005.0","59","22.80"
"","","","","","","","","","","","","","","","","","","","","","2025-09-08","0.20","0.20","36.2","26.9","30.9","63","22.4","8.8","162","43.9","1004.7","72","23.00"
"","","","","","","","","","","","","","","","","","","","","","2025-09-09","2.10","2.10","35.5","27.5","31.1","62","22.6","9.7","195","29.5","1005.4","55","23.28"
"","","","","","","","","","","","","","","","","","","","","","2025-09-10","1.60","1.60","36.3","27.1","31.1","62","22.6","11.3","213","37.1","1005.3","52","21.62"
"","","","","","","","","","","","","","","","","","","","","","2025-09-11","1.60","1.60","34.8","25.6","30.1","66","22.7","10.4","297","39.2","1004.9","96","21.94"
"","","","","","","","","","","","","","","","","","","","","","2025-09-12","0.50","0.50","35.5","26.3","30.1","65","22.4","8.1","309","36.0","1004.6","100","18.71"
"","","","","","","","","","","","","","","","","","","","","","2025-09-13","5.80","5.80","33.6","26.9","29.4","72","23.5","6.6","230","28.8","1004.9","100","15.50"
"","","","","","","","","","","","","","","","","","","","","","2025-09-14","25.20","25.20","33.0","23.4","28.6","77","23.8","7.9","167","25.6","1005.9","87","20.06"
"","","","","","","","","","","","","","","","","","","","","","2025-09-15","12.50","12.50","34.8","25.3","29.8","72","23.7","9.8","191","33.5","1005.2","89","23.54"
"","","","","","","","","","","","","","","","","","","","","","2025-09-16","18.10","18.10","32.4","24.5","28.3","78","23.8","7.5","202","28.8","1005.3","95","15.81"
"","","","","","","","","","","","","","","","","","","","","","2025-09-17","8.40","8.40","32.2","24.5","27.9","81","24.2","7.0","192","35.3","1005.6","65","21.80"
"","","","","","","","","","","","","","","","","","","","","","2025-09-18","11.50","11.50","32.8","25.5","28.3","80","24.3","6.8","195","32.0","1005.3","64","21.59"
"","","","","","","","","","","","","","","","","","","","","","2025-09-19","9.30","9.30","32.0","25.1","27.7","79","23.7","8.0","240","38.5","1005.8","96","17.42"
"","","","","","","","","","","","","","","","","","","","","","2025-09-20","11.00","11.00","33.0","24.3","27.8","82","24.2","6.6","235","31.0","1005.2","99","18.21"
"","","","","","","","","","","","","","","","","","","","","","2025-09-21","0.30","0.30","32.2","25.8","28.7","76","23.8","8.3","235","24.5","1004.2","98","13.65"
"","","","","","","","","","","","","","","","","","","","","","2025-09-22","2.70","2.70","33.0","25.3","28.6","77","23.8","9.3","247","28.4","1005.1","96","19.07"
"","","","","","","","","","","","","","","","","","","","","","2025-09-23","0.30","0.30","33.7","24.7","28.9","70","22.8","9.1","256","34.2","1005.3","100","16.60"
"","","","","","","","","","","","","","","","","","","","","","2025-09-24","0.40","0.40","33.7","25.8","29.2","64","21.3","9.2","274","37.8","1003.9","91","20.58"
"","","","","","","","","","","","","","","","","","","","","","2025-09-25","0.10","0.10","35.0","25.5","29.7","65","22.0","9.5","259","34.2","1002.7","70","23.42"
"","","","","","","","","","","","","","","","","","","","","","2025-09-26","0.20","0.20","33.7","25.0","29.0","68","22.3","8.5","270","39.6","1002.5","100","19.66"
"","","","","","","","","","","","","","","","","","","","","","2025-09-27","0.40","0.40","35.2","26.2","29.9","61","21.3","10.3","241","40.7","1003.4","95","21.26"
"","","","","","","","","","","","","","","","","","","","","","2025-09-28","12.00","12.00","35.0","24.6","29.4","67","22.1","10.1","233","43.9","1004.2","91","21.87"
"","","","","","","","","","","","","","","","","","","","","","2025-09-29","1.90","1.90","34.0","24.6","28.6","76","23.4","5.6","239","28.4","1004.2","100","17.15"
"","","","","","","","","","","","","","","","","","","","","","2025-09-30","0.10","0.10","32.0","24.2","27.7","76","22.8","5.9","275","30.6","1003.4","100","11.97"
"","","","","","","","","","","","","","","","","","","","","","2025-10-01","0.00","0.00","32.2","25.6","28.7","71","22.8","6.0","285","22.3","1003.1","100","9.09"
"","","","","","","","","","","","","","","","","","","","","","2025-10-02","2.50","2.50","33.7","24.5","28.9","71","22.8","9.8","242","36.0","1005.1","98","15.76"
"","","","","","","","","","","","","","","","","","","","","","2025-10-03","1.80","1.80","34.2","25.0","29.2","72","23.2","8.8","210","24.8","1007.3","78","19.55"
"","","","","","","","","","","","","","","","","","","","","","2025-10-04","28.50","28.50","32.2","24.4","27.4","76","22.4","9.4","246","39.2","1008.7","95","14.84"
"","","","","","","","","","","","","","","","","","","","","","2025-10-05","3.20","3.20","34.2","25.5","28.8","71","22.7","10.6","228","40.0","1008.0","60","21.07"
"","","","","","","","","","","","","","","","","","","","","","2025-10-06","12.30","12.30","34.2","24.1","27.6","79","23.2","8.4","269","36.7","1008.6","70","20.92"
"","","","","","","","","","","","","","","","","","","","","","2025-10-07","1.00","1.00","33.5","24.7","28.6","78","23.9","5.6","160","26.6","1008.5","61","20.85"
"","","","","","","","","","","","","","","","","","","","","","2025-10-08","3.30","3.30","32.9","25.7","28.4","77","23.9","7.6","210","30.6","1008.4","30","20.13"
"","","","","","","","","","","","","","","","","","","","","","2025-10-09","8.90","8.90","33.5","25.1","28.3","78","23.8","8.0","208","34.6","1008.6","87","19.16"
"","","","","","","","","","","","","","","","","","","","","","2025-10-10","0.10","0.10","32.5","24.2","28.0","78","23.4","7.7","75","30.2","1007.5","86","21.99"
"","","","","","","","","","","","","","","","","","","","","","2025-10-11","2.60","2.60","32.3","25.1","28.4","76","23.5","7.1","7","36.4","1007.3","38","20.58"
"","","","","","","","","","","","","","","","","","","","","","2025-10-12","1.10","1.10","31.7","25.2","28.3","79","24.1","7.5","60","31.0","1006.8","27","20.42"
"","","","","","","","","","","","","","","","","","","","","","2025-10-13","5.20","5.20","32.0","25.0","28.0","80","24.0","7.3","26","34.2","1007.0","68","20.19"
"","","","","","","","","","","","","","","","","","","","","","2025-10-14","6.20","6.20","31.2","25.4","27.9","80","24.0","8.7","58","33.8","1006.0","46","21.74"
"","","","","","","","","","","","","","","","","","","","","","2025-10-15","39.20","39.20","29.5","23.5","26.0","88","23.9","9.7","17","35.3","1006.2","100","14.05"
"","","","","","","","","","","","","","","","","","","","","","2025-10-16","16.40","16.40","29.5","24.1","26.2","90","24.2","9.4","45","44.3","1006.5","100","15.95"
"","","","","","","","","","","","","","","","","","","","","","2025-10-17","21.40","21.40","28.2","23.8","25.7","91","24.0","10.6","19","34.2","1008.1","100","13.69"
"","","","","","","","","","","","","","","","","","","","","","2025-10-18","20.80","20.80","28.5","24.6","26.0","91","24.4","6.4","20","27.4","1007.4","100","8.92"
"","","","","","","","","","","","","","","","","","","","","","2025-10-19","6.20","6.20","28.8","24.5","26.4","88","24.2","5.5","30","23.0","1006.7","96","13.73"
"","","","","","","","","","","","","","","","","","","","","","2025-10-20","17.10","17.10","28.2","24.4","25.7","90","23.9","8.7","38","29.2","1006.4","99","10.15"
"","","","","","","","","","","","","","","","","","","","","","2025-10-21","18.60","18.60","26.4","23.9","25.1","93","23.9","10.8","32","36.0","1006.2","100","9.24"
"","","","","","","","","","","","","","","","","","","","","","2025-10-22","23.10","23.10","28.3","24.6","26.4","88","24.2","13.1","83","34.9","1005.9","100","10.36"
"","","","","","","","","","","","","","","","","","","","","","2025-10-23","22.90","22.90","29.4","23.7","26.2","91","24.6","5.0","181","21.6","1006.5","89","12.87"
"","","","","","","","","","","","","","","","","","","","","","2025-10-24","13.40","13.40","28.1","24.1","25.8","90","24.0","6.7","334","24.1","1007.6","100","7.80"
"","","","","","","","","","","","","","","","","","","","","","2025-10-25","21.70","21.70","29.8","24.2","26.0","90","24.2","6.9","346","35.3","1007.6","95","13.87"
"","","","","","","","","","","","","","","","","","","","","","2025-10-26","1.20","1.20","30.0","24.4","26.6","87","24.2","7.8","356","24.1","1007.2","94","16.07"
"","","","","","","","","","","","","","","","","","","","","","2025-10-27","36.50","36.50","25.6","23.0","24.6","92","23.3","14.6","314","46.1","1005.9","100","3.25"
"","","","","","","","","","","","","","","","","","","","","","2025-10-28","81.60","81.60","24.9","22.8","23.9","88","21.8","15.7","270","43.2","1002.8","100","1.42"
"","","","","","","","","","","","","","","","","","","","","","2025-10-29","0.10","0.10","33.8","23.6","27.7","75","22.6","12.8","211","40.3","1004.5","71","20.08"
"","","","","","","","","","","","","","","","","","","","","","2025-10-30","0.50","0.50","32.8","23.9","28.0","73","22.2","10.5","220","30.6","1007.6","29","20.62"
"","","","","","","","","","","","","","","","","","","","","","2025-10-31","0.00","0.00","33.8","24.8","28.5","77","23.5","6.7","180","22.3","1009.0","3","21.83"
"","","","","","","","","","","","","","","","","","","","","","2025-11-01","0.00","0.00","33.5","25.4","28.6","81","24.4","7.7","206","26.6","1008.8","52","20.74"
"","","","","","","","","","","","","","","","","","","","","","2025-11-02","5.70","5.70","32.2","25.5","28.2","81","24.5","7.1","219","37.8","1009.3","97","18.87"
"","","","","","","","","","","","","","","","","","","","","","2025-11-03","3.90","3.90","33.3","24.8","27.7","81","24.0","7.8","263","38.9","1008.7","79","19.27"
"","","","","","","","","","","","","","","","","","","","","","2025-11-04","12.50","12.50","32.0","24.4","27.4","82","23.9","7.8","316","32.8","1008.2","71","15.63"
"","","","","","","","","","","","","","","","","","","","","","2025-11-05","5.00","5.00","31.5","24.3","26.9","85","24.0","5.8","305","25.2","1007.4","30","19.58"
"","","","","","","","","","","","","","","","","","","","","","2025-11-06","2.60","2.60","29.1","23.3","26.4","84","23.5","5.0","350","28.1","1008.4","59","16.99"
"","","","","","","","","","","","","","","","","","","","","","2025-11-07","0.40","0.40","31.8","24.2","27.7","75","22.4","6.6","8","27.7","1009.2","45","19.27"
"","","","","","","","","","","","","","","","","","","","","","2025-11-08","0.30","0.30","31.5","23.4","27.2","71","21.1","10.5","357","37.1","1010.2","27","19.17"
"","","","","","","","","","","","","","","","","","","","","","2025-11-09","1.00","1.00","30.5","22.9","26.6","72","20.8","9.8","357","34.2","1009.7","24","18.62"
"","","","","","","","","","","","","","","","","","","","","","2025-11-10","1.50","1.50","29.8","23.7","26.7","73","21.4","10.5","8","31.0","1009.9","56","16.42"
"","","","","","","","","","","","","","","","","","","","","","2025-11-11","1.50","1.50","30.5","25.0","27.1","78","22.9","9.7","15","31.3","1010.4","69","15.80"
"","","","","","","","","","","","","","","","","","","","","","2025-11-12","1.40","1.40","29.5","25.1","27.3","79","23.1","11.2","28","33.8","1010.9","39","16.74"
"","","","","","","","","","","","","","","","","","","","","","2025-11-13","2.30","2.30","28.4","23.9","26.4","80","22.5","11.4","36","37.1","1011.8","33","16.85"
"","","","","","","","","","","","","","","","","","","","","","2025-11-14","0.10","0.10","29.5","24.0","26.7","62","18.6","16.0","29","41.8","1011.7","16","20.14"
"","","","","","","","","","","","","","","","","","","","","","2025-11-15","0.20","0.20","29.2","22.4","25.7","70","19.7","14.3","4","45.4","1012.2","66","17.47"
"","","","","","","","","","","","","","","","","","","","","","2025-11-16","0.20","0.20","29.6","23.8","26.4","70","20.3","17.0","4","49.3","1012.7","81","13.60"
"","","","","","","","","","","","","","","","","","","","","","2025-11-17","4.40","4.40","28.1","23.9","25.4","75","20.6","17.2","360","48.6","1012.1","100","6.55"
"","","","","","","","","","","","","","","","","","","","","","2025-11-18","29.10","29.10","28.2","22.8","24.4","90","22.7","12.1","8","36.0","1010.9","75","14.42"
"","","","","","","","","","","","","","","","","","","","","","2025-11-19","0.90","0.90","29.5","22.5","25.7","79","21.5","13.7","7","38.9","1011.0","28","18.87"
"","","","","","","","","","","","","","","","","","","","","","2025-11-20","0.10","0.10","29.5","22.8","26.0","75","21.1","14.2","5","38.5","1011.4","78","18.42"
"","","","","","","","","","","","","","","","","","","","","","2025-11-21","7.70","7.70","28.5","23.8","25.3","90","23.4","10.7","5","34.2","1012.3","97","13.13"
"","","","","","","","","","","","","","","","","","","","","","2025-11-22","9.20","9.20","28.8","23.0","25.7","89","23.6","11.2","27","40.0","1011.9","99","15.60"
"","","","","","","","","","","","","","","","","","","","","","2025-11-23","22.90","22.90","28.8","22.8","25.0","90","23.2","10.4","23","34.9","1012.1","97","14.30"
"","","","","","","","","","","","","","","","","","","","","","2025-11-24","2.70","2.70","28.3","23.3","26.0","84","22.9","13.7","37","38.9","1012.3","100","11.20"
"","","","","","","","","","","","","","","","","","","","","","2025-11-25","1.70","1.70","28.9","24.1","26.1","77","21.8","16.3","37","40.7","1012.1","75","16.16"
"","","","","","","","","","","","","","","","","","","","","","2025-11-26","0.50","0.50","28.9","23.7","26.0","73","20.7","15.0","29","40.3","1012.4","90","17.25"
"","","","","","","","","","","","","","","","","","","","","","2025-11-27","0.30","0.30","28.2","24.2","26.1","70","20.3","18.7","35","45.7","1012.1","92","17.10"
"","","","","","","","","","","","","","","","","","","","","","2025-11-28","0.00","0.00","28.1","23.7","25.8","66","18.8","18.9","16","48.2","1010.5","100","17.69"
"","","","","","","","","","","","","","","","","","","","","","2025-11-29","22.30","22.30","26.4","23.1","24.2","88","22.1","16.4","11","41.0","1008.7","100","6.92"
"","","","","","","","","","","","","","","","","","","","","","2025-11-30","42.90","42.90","24.6","22.6","23.9","92","22.5","19.4","8","46.8","1007.8","100","5.14"
"","","","","","","","","","","","","","","","","","","","","","2025-12-01","72.20","72.20","24.8","23.4","24.0","94","23.0","25.2","354","52.6","1007.5","100","3.45"
"","","","","","","","","","","","","","","","","","","","","","2025-12-02","74.30","74.30","25.0","22.6","23.6","96","22.9","20.6","346","46.4","1008.4","100","4.43"
"","","","","","","","","","","","","","","","","","","","","","2025-12-03","36.40","36.40","26.5","22.9","24.2","93","22.9","7.1","43","33.8","1010.8","100","7.21"
"","","","","","","","","","","","","","","","","","","","","","2025-12-04","18.60","18.60","27.2","22.0","24.2","92","22.8","9.9","26","35.6","1012.6","86","10.54"
"","","","","","","","","","","","","","","","","","","","","","2025-12-05","3.20","3.20","28.9","23.2","25.9","78","21.7","15.8","30","45.7","1013.1","85","17.02"
"","","","","","","","","","","","","","","","","","","","","","2025-12-06","1.50","1.50","29.0","22.9","25.6","79","21.6","14.1","16","36.4","1013.5","41","17.28"
"","","","","","","","","","","","","","","","","","","","","","2025-12-07","1.70","1.70","28.4","22.5","24.9","82","21.5","13.4","9","41.0","1013.7","84","15.09"
"","","","","","","","","","","","","","","","","","","","","","2025-12-08","0.10","0.10","27.9","21.6","24.4","78","20.0","14.8","355","38.2","1013.2","69","17.50"
"","","","","","","","","","","","","","","","","","","","","","2025-12-09","0.20","0.20","28.5","22.1","24.7","78","20.3","15.0","355","40.0","1012.4","88","18.11"
"","","","","","","","","","","","","","","","","","","","","","2025-12-10","0.20","0.20","27.8","21.3","24.3","79","20.2","15.9","1","40.3","1013.0","58","17.64"
"","","","","","","","","","","","","","","","","","","","","","2025-12-11","0.50","0.50","28.4","21.9","24.5","78","20.1","13.9","3","40.0","1012.6","17","19.40"
"","","","","","","","","","","","","","","","","","","","","","2025-12-12","0.00","0.00","27.5","21.0","23.8","78","19.2","12.9","3","38.2","1012.1","42","19.60"
"","","","","","","","","","","","","","","","","","","","","","2025-12-13","0.00","0.00","27.2","19.2","23.2","77","18.6","10.9","8","33.1","1012.4","14","19.29"
"","","","","","","","","","","","","","","","","","","","","","2025-12-14","0.20","0.20","27.1","20.2","23.5","75","18.7","11.3","15","36.4","1012.9","18","18.46"
"","","","","","","","","","","","","","","","","","","","","","2025-12-15","0.00","0.00","27.3","20.5","24.0","74","18.8","12.6","16","35.3","1012.9","22","19.50"
"","","","","","","","","","","","","","","","","","","","","","2025-12-16","3.30","3.30","27.2","21.6","24.4","84","21.5","13.7","13","37.1","1012.2","82","9.69"
"","","","","","","","","","","","","","","","","","","","","","2025-12-17","2.60","2.60","28.4","21.8","24.7","83","21.3","14.7","16","42.8","1013.4","43","18.40"
"","","","","","","","","","","","","","","","","","","","","","2025-12-18","0.50","0.50","27.4","20.7","23.7","83","20.5","10.8","23","34.6","1013.3","92","14.97"
"","","","","","","","","","","","","","","","","","","","","","2025-12-19","0.00","0.00","27.2","20.5","23.4","81","19.8","7.7","22","25.2","1012.0","50","17.98"
"","","","","","","","","","","","","","","","","","","","","","2025-12-20","0.00","0.00","27.6","18.8","23.3","78","18.9","6.9","24","25.2","1010.7","34","17.22"
"","","","","","","","","","","","","","","","","","","","","","2025-12-21","0.20","0.20","27.8","21.1","24.0","75","19.0","9.6","18","30.6","1011.5","37","16.30"
"","","","","","","","","","","","","","","","","","","","","","2025-12-22","0.00","0.00","27.7","21.4","24.1","72","18.6","10.9","2","30.2","1011.5","85","14.24"
"","","","","","","","","","","","","","","","","","","","","","2025-12-23","0.00","0.00","27.8","19.5","23.5","76","18.7","10.6","11","32.8","1010.9","38","18.15"
"","","","","","","","","","","","","","","","","","","","","","2025-12-24","1.10","1.10","27.5","20.0","23.6","77","19.0","8.7","19","27.4","1011.0","49","18.04"
"","","","","","","","","","","","","","","","","","","","","","2025-12-25","1.00","1.00","26.9","20.0","23.5","80","19.7","11.9","11","33.5","1011.6","51","14.48"
"","","","","","","","","","","","","","","","","","","","","","2025-12-26","0.50","0.50","27.4","21.4","24.2","76","19.5","12.8","30","38.5","1011.7","45","16.47"
"","","","","","","","","","","","","","","","","","","","","","2025-12-27","0.50","0.50","27.6","20.4","23.8","71","18.0","9.9","16","32.0","1012.1","20","18.22"
"","","","","","","","","","","","","","","","","","","","","","2025-12-28","0.00","0.00","27.2","19.5","23.4","71","17.7","10.2","13","29.9","1012.7","11","18.12"
"","","","","","","","","","","","","","","","","","","","","","2025-12-29","0.00","0.00","27.3","20.1","23.5","75","18.6","11.9","14","35.6","1012.3","37","18.28"
"","","","","","","","","","","","","","","","","","","","","","2025-12-30","0.00","0.00","27.6","20.5","24.0","78","19.8","10.9","3","29.9","1011.3","71","13.98"
"","","","","","","","","","","","","","","","","","","","","","2025-12-31","0.70","0.70","28.0","21.6","24.6","84","21.5","10.0","13","28.8","1009.6","56","14.21"
